sample_id,adc,add,add.lock,addpd,addsd,addss,adr,adrp,aesdec,aesenc,aeskeygenassist,and,and.lock,andpd,andps,arpl,b,b.cc,b.cs,b.eq,b.gt,b.hi,b.le,b.ls,b.lt,b.ne,bfm,bl,blr,bound,br,bsf,bsr,bswap,bt,btc,btr,bts,call,cbnz,cbw,cbz,cdq,cdqe,clc,cld,cmc,cmn,cmova,cmovbe,cmovc,cmovg,cmovge,cmovl,cmovle,cmovnc,cmovns,cmovnz,cmovo,cmovs,cmovz,cmp,cmpeqsd,cmplesd,cmpnlepd,cmpnltsd,cmpsb.repe,cmpsd,cmpsd.repe,cmpxchg.lock,comisd,comiss,cpuid,cqo,csel,cset,csetm,csinc,cvtdq2pd,cvtdq2ps,cvtpd2dq,cvtpd2ps,cvtps2pd,cvtsd2si,cvtsd2ss,cvtsi2sd,cvtsi2ss,cvtss2sd,cvtss2si,cvttpd2dq,cvttsd2si,cvttss2si,cwde,dec,dec.lock,div,divsd,divss,eor,fabs,fadd,faddp,fbstp,fchs,fclex,fcom,fcomp,fcompp,fcos,fdiv,fdivp,fdivr,fdivrp,ffree,fiadd,ficom,fidiv,fild,fimul,fincstp,fistp,fld,fld1,fldcw,fldenv,fldlg2,fldpi,fldz,fmov,fmul,fmulp,fnclex,fninit,fnsave,fnstcw,fnstenv,fnstsw,fpatan,fprem,fprem1,frndint,fscale,fsin,fsqrt,fst,fstcw,fstp,fstsw,fsub,fsubp,fsubr,fsubrp,fucom,fucomp,fucompp,fxam,fxch,fyl2x,hlt,idiv,imul,in,inc,inc.lock,insb,insd,int,int1,int3,invd,ja,jbe,jc,jecxz,jg,jge,jl,jle,jmp,jnc,jno,jnp,jns,jnz,jo,jp,js,jz,lahf,ldmxcsr,ldp,ldr,ldrb,ldrh,ldrsw,lds,ldur,lea,leave,lodsb,lodsd,loop,loopz,lsl,lsr,madd,minsd,mov,movapd,movaps,movd,movdqa,movdqu,movhlps,movk,movlhps,movlpd,movnti,movntps,movq,movsb,movsb.rep,movsd,movsd.rep,movss,movsw,movsx,movsxd,movups,movzx,mrs,mul,mulpd,mulsd,mulss,mvn,neg,nop,not,or,or.lock,orpd,orps,orr,out,outsb,outsd,paddd,paddq,palignr,pand,pandn,pause,pcmpeqb,pcmpeqd,pcmpeqw,pcmpgtd,pcmpistri,pextrw,pinsrb,pinsrw,pmaxsw,pmaxub,pmaxud,pmovmskb,pmovsxdq,pmovzxdq,pmulld,pop,popad,popfd,por,prefetchw,pshufd,pshuflw,pslld,pslldq,psllq,psrad,psrld,psrldq,psrlq,psubd,psubq,punpcklbw,punpckldq,punpcklqdq,punpcklwd,push,pushad,pushfd,pxor,rcl,rcr,rdtsc,ret,retf,rol,ror,sahf,sar,sbb,sbfiz,scasb.repe,scasb.repne,scasw.repne,seta,setbe,setc,setg,setge,setl,setle,setnc,setns,setnz,seto,sets,setz,sfence,shl,shld,shr,shrd,sqrtsd,stc,std,stmxcsr,stosb,stosb.rep,stosd,stosd.rep,stosq.rep,stosw,stosw.rep,stp,str,strb,strh,sturb,sub,subpd,subs,subsd,subss,sxtw,sysenter,tbnz,tbz,test,tst,ubfiz,ubfx,ucomisd,ucomiss,ud2,udiv,unpckhpd,unpcklpd,uxtb,vaddpd,vaddsd,vandpd,vandps,vcmplesd,vcmpnltsd,vcomisd,vcvtdq2pd,vcvtpd2dq,vcvtps2pd,vcvtsd2ss,vcvtsi2ss,vcvtss2si,vcvttpd2dq,vdivsd,vfmadd132pd,vfmadd213sd,vfmadd231sd,vfmsub213sd,vfnmadd231sd,vhaddpd,vldmxcsr,vmovapd,vmovd,vmovdqa,vmovlhps,vmovq,vmovsd,vmovss,vmulpd,vmulsd,vorpd,vorps,vpaddq,vpand,vpcmpeqb,vpcmpeqw,vpmovmskb,vpor,vpshufd,vpsllq,vpsrad,vpsrlq,vpsubd,vpsubq,vpunpckldq,vpxor,vstmxcsr,vsubsd,vucomisd,vucomiss,vunpcklpd,vxorpd,vxorps,vzeroupper,wait,xadd.lock,xchg,xgetbv,xlat,xor,xorpd,xorps
Admin_338_VirusShare_d76261ba3b624933a6ebb5dd73758db4,0,42,0,0,0,0,0,0,0,0,0,53,0,0,0,0,0,0,0,0,0,0,0,0,0,0,0,0,0,0,0,0,0,0,0,0,0,0,117,0,0,0,0,0,0,0,0,0,0,0,0,0,0,0,0,0,0,0,0,0,0,18,0,0,0,0,0,0,0,0,0,0,0,0,0,0,0,0,0,0,0,0,0,0,0,0,0,0,0,0,0,0,0,39,0,1,0,0,0,0,0,0,0,0,0,0,0,0,0,0,0,0,0,0,0,0,0,0,0,0,0,0,0,0,0,0,0,0,0,0,0,0,0,0,0,0,0,0,0,0,0,0,0,0,0,0,0,0,0,0,0,0,0,0,0,0,0,0,0,0,0,0,4,0,0,0,0,0,0,0,1,2,0,0,0,0,1,1,11,0,0,0,0,16,0,0,0,38,0,0,0,0,0,0,0,0,0,157,0,0,0,0,0,0,0,0,0,454,0,0,0,0,0,0,0,0,0,0,0,0,2,53,0,55,0,2,0,0,0,1,0,0,0,0,0,0,0,0,58,94,0,0,0,0,0,0,0,0,0,0,0,0,0,0,0,0,0,0,0,0,0,0,0,0,0,0,0,0,26,0,0,0,0,0,0,0,0,0,0,0,0,0,0,0,0,0,0,0,316,0,0,0,0,0,0,12,0,0,0,0,0,4,0,0,92,0,0,0,0,0,0,0,0,0,0,0,0,0,1,0,2,0,54,0,0,0,0,0,9,0,0,9,0,7,0,0,0,0,0,0,59,0,0,0,0,0,0,0,0,42,0,0,0,0,0,0,0,0,0,0,0,0,0,0,0,0,0,0,0,0,0,0,0,0,0,0,0,0,0,0,0,0,0,0,0,0,0,0,0,0,0,0,0,0,0,0,0,0,0,0,0,0,0,0,0,0,0,0,0,0,0,0,0,0,0,0,0,0,0,0,62,0,0
AjaxSecurityTeam_VirusShare_da976a502a3afc4ba63611d47c625738,0,250,0,0,0,0,0,0,0,0,0,139,0,0,0,0,0,0,0,0,0,0,0,0,0,0,0,0,0,0,0,0,0,0,2,0,0,2,773,0,0,0,3,0,0,8,0,0,0,0,0,0,0,0,0,0,0,0,0,0,0,645,0,0,0,0,0,0,0,0,0,0,2,0,0,0,0,0,0,0,0,0,0,0,0,0,0,0,0,0,0,0,0,62,0,4,0,0,0,0,0,0,0,0,0,0,0,0,0,0,0,0,0,0,0,0,0,0,0,0,1,0,0,0,0,0,0,0,0,0,0,0,0,0,0,0,0,0,0,0,0,0,0,0,0,0,0,0,0,0,0,0,0,0,0,0,0,0,0,0,20,0,137,0,0,0,0,0,0,0,28,30,71,1,6,13,16,15,263,20,0,0,0,344,0,0,0,447,0,0,0,0,0,0,0,1,0,211,48,0,0,0,0,0,0,0,0,1927,1,0,0,24,0,0,0,0,0,0,0,0,0,3,0,18,0,0,3,0,0,25,0,0,0,0,0,0,13,3,16,89,0,0,0,0,0,1,0,0,0,0,0,0,0,0,0,0,0,0,0,0,0,0,0,0,0,0,0,0,579,0,2,0,0,0,0,0,0,0,0,0,0,0,0,0,0,0,0,0,1452,0,5,1,0,0,0,216,0,1,1,0,15,10,0,0,0,0,0,0,0,0,0,0,0,0,0,3,0,0,4,0,8,0,54,0,0,0,8,0,0,2,6,1,0,0,0,0,0,0,0,0,111,0,0,0,0,0,0,0,0,275,0,0,0,0,0,0,0,0,0,0,0,0,0,0,0,0,0,0,0,0,0,0,0,0,0,0,0,0,0,0,0,0,0,0,0,0,0,0,0,0,0,0,0,0,0,0,0,0,0,0,0,0,0,0,0,0,0,0,0,0,0,0,0,0,0,0,0,1,0,0,236,0,0
APT12_VirusShare_832f5e01be536da71d5b3f7e41938cfb,0,496,0,0,0,0,0,0,0,0,0,268,0,0,0,0,0,0,0,0,0,0,0,0,0,0,0,0,0,0,0,0,0,0,2,0,0,2,870,0,0,0,3,0,0,13,0,0,0,0,0,0,0,0,0,0,0,0,0,0,0,831,0,0,0,0,1,0,0,0,0,0,0,0,0,0,0,0,0,0,0,0,0,0,0,0,0,0,0,0,0,0,0,107,4,8,0,0,0,0,0,0,0,0,0,0,0,0,0,0,0,0,0,0,0,0,0,0,0,0,0,0,0,0,0,0,0,0,0,0,0,0,0,0,0,0,0,0,0,0,0,0,0,0,0,0,0,0,0,0,0,0,0,0,0,0,0,0,0,1,7,0,211,2,0,0,0,0,0,0,37,48,73,1,19,21,35,26,414,57,0,0,2,466,0,0,1,582,0,0,0,0,0,0,0,0,0,620,63,0,0,0,0,0,0,0,0,3174,0,0,0,0,0,0,0,0,0,0,0,0,11,18,3,50,0,4,5,0,0,34,0,4,0,0,0,0,19,2,35,198,0,0,0,0,0,0,0,0,0,0,0,0,0,0,0,0,0,0,0,0,0,0,0,0,0,0,0,0,871,0,0,0,0,0,0,0,0,0,0,0,0,0,0,0,0,0,0,0,2417,0,0,0,0,0,0,307,0,0,0,0,37,22,0,0,25,0,0,0,0,0,1,0,0,0,0,11,0,0,4,0,55,0,93,0,0,0,9,0,6,12,6,41,0,3,0,0,0,0,0,0,175,0,0,0,0,0,0,0,0,438,0,0,0,0,0,0,0,0,0,0,0,0,0,0,0,0,0,0,0,0,0,0,0,0,0,0,0,0,0,0,0,0,0,0,0,0,0,0,0,0,0,0,0,0,0,0,0,0,0,0,0,0,0,0,0,0,0,0,0,0,0,0,0,0,0,0,0,3,0,0,292,0,0
APT17_VirusShare_40528e368d323db0ac5c3f5e1efe4889,15,945,0,0,0,0,0,0,0,0,0,422,0,0,0,0,0,0,0,0,0,0,0,0,0,0,0,0,0,0,0,0,0,0,2,0,0,2,2427,0,0,0,46,0,0,12,0,0,0,0,0,0,0,0,0,0,0,0,0,0,0,1876,0,0,0,0,0,0,0,0,0,0,0,0,0,0,0,0,0,0,0,0,0,0,0,0,0,0,0,0,0,0,0,176,0,22,0,0,0,0,0,0,0,0,0,0,0,0,0,0,0,0,0,0,0,0,0,0,0,0,0,0,0,0,0,0,0,0,0,0,0,0,0,0,0,0,0,0,0,0,0,0,0,0,0,0,0,0,0,0,0,0,0,0,0,0,0,0,0,18,42,0,355,0,0,0,0,0,12,0,74,87,142,0,73,47,64,76,938,77,0,0,24,1006,0,0,50,1454,0,0,0,0,0,0,0,0,0,825,107,0,0,0,0,0,0,0,0,6031,0,0,0,27,0,0,0,0,0,0,0,0,0,0,0,23,0,1,42,0,0,270,0,15,0,0,0,0,47,3,12,305,0,0,0,0,0,0,0,0,0,0,0,0,0,0,0,0,0,0,0,0,0,0,0,0,0,0,0,0,1652,0,0,0,0,0,0,0,0,0,0,0,0,0,0,0,0,0,0,0,4637,0,2,1,0,8,0,563,0,0,0,0,128,42,0,0,0,0,0,0,0,0,1,1,0,0,0,19,1,0,11,0,99,2,63,0,0,0,8,0,0,0,7,5,0,0,0,0,0,0,0,0,368,0,0,0,0,0,0,0,0,1061,0,0,0,0,0,0,0,0,0,0,0,0,0,0,0,0,0,0,0,0,0,0,0,0,0,0,0,0,0,0,0,0,0,0,0,0,0,0,0,0,0,0,0,0,0,0,0,0,0,0,0,0,0,0,0,0,0,0,0,0,0,0,0,0,0,0,0,6,0,0,562,0,0
APT1_VirusShare_c1393e77773a48b1eea117a302138554,0,97,0,0,0,0,0,0,0,0,0,28,0,0,0,0,0,0,0,0,0,0,0,0,0,0,0,0,0,0,0,0,0,0,0,0,0,0,584,0,0,0,0,0,0,0,0,0,0,0,0,0,0,0,0,0,0,0,0,0,0,216,0,0,0,0,0,0,0,0,0,0,0,0,0,0,0,0,0,0,0,0,0,0,0,0,0,0,0,0,0,0,0,17,0,0,0,0,0,0,0,0,0,0,0,0,0,0,0,0,0,0,0,0,0,0,0,0,0,0,0,0,0,0,0,0,0,0,0,0,0,0,0,0,0,0,0,0,0,0,0,0,0,0,0,0,0,0,0,0,0,0,0,0,0,0,0,0,0,0,2,0,34,0,0,0,0,0,0,0,2,11,11,0,20,3,4,22,175,3,0,0,0,105,0,0,0,157,0,0,0,0,0,0,0,0,0,359,26,0,0,0,0,0,0,0,0,607,0,0,0,0,0,0,0,0,0,0,0,0,2,0,3,0,0,2,2,0,0,5,0,0,0,0,0,0,2,0,0,10,0,0,0,0,0,0,0,0,0,0,0,0,0,0,0,0,0,0,0,0,0,0,0,0,0,0,0,0,332,0,0,0,0,0,0,0,0,0,0,0,0,0,0,0,0,0,0,0,1360,0,0,0,0,0,0,49,0,0,0,0,0,2,0,0,0,0,0,0,0,0,0,0,0,0,0,0,0,0,0,0,1,0,1,0,0,0,0,0,10,0,5,14,0,10,0,0,0,0,0,0,46,0,0,0,0,0,0,0,0,107,0,0,0,0,0,0,0,0,0,0,0,0,0,0,0,0,0,0,0,0,0,0,0,0,0,0,0,0,0,0,0,0,0,0,0,0,0,0,0,0,0,0,0,0,0,0,0,0,0,0,0,0,0,0,0,0,0,0,0,0,0,0,0,0,0,0,0,0,0,0,73,0,0
APT1_VirusShare_d7aa32b7465f55c368230bb52d52d885,0,35,0,0,0,0,0,0,0,0,0,13,0,0,0,0,0,0,0,0,0,0,0,0,0,0,0,0,0,0,0,0,0,0,0,0,0,0,150,0,0,0,0,0,0,0,0,0,0,0,0,0,0,0,0,0,0,0,0,0,0,49,0,0,0,0,0,0,0,0,0,0,0,0,0,0,0,0,0,0,0,0,0,0,0,0,0,0,0,0,0,0,0,4,0,0,0,0,0,0,0,0,0,0,0,0,0,0,0,0,0,0,0,0,0,0,0,0,0,0,0,0,0,0,0,0,0,0,0,0,0,0,0,0,0,0,0,0,0,0,0,0,0,0,0,0,0,0,0,0,0,0,0,0,0,0,0,0,0,0,2,0,11,0,0,0,0,0,0,0,0,4,1,0,12,2,2,14,35,1,0,0,0,20,0,0,0,20,0,0,0,0,0,0,0,0,0,118,5,0,0,0,0,0,0,0,0,137,0,0,0,0,0,0,0,0,0,0,0,0,2,0,3,0,0,2,0,0,0,3,0,0,0,0,0,0,1,0,0,2,0,0,0,0,0,0,0,0,0,0,0,0,0,0,0,0,0,0,0,0,0,0,0,0,0,0,0,0,68,0,0,0,0,0,0,0,0,0,0,0,0,0,0,0,0,0,0,0,352,0,0,0,0,0,0,10,0,0,0,0,0,1,0,0,0,0,0,0,0,0,0,0,0,0,0,0,0,0,0,0,0,0,0,0,0,0,0,0,9,0,3,9,0,10,0,0,0,0,0,0,16,0,0,0,0,0,0,0,0,24,0,0,0,0,0,0,0,0,0,0,0,0,0,0,0,0,0,0,0,0,0,0,0,0,0,0,0,0,0,0,0,0,0,0,0,0,0,0,0,0,0,0,0,0,0,0,0,0,0,0,0,0,0,0,0,0,0,0,0,0,0,0,0,0,0,0,0,0,0,0,20,0,0
APT28_VirusShare_81749e780d27ddd15973d19de77c9007,0,75,0,0,0,0,0,0,0,0,0,22,0,0,0,0,0,0,0,0,0,0,0,0,0,0,0,0,0,0,0,0,0,0,0,0,0,0,218,0,0,0,0,0,0,0,0,0,0,0,0,0,0,0,0,1,0,5,0,0,2,59,0,0,0,0,0,0,0,0,0,0,0,0,0,0,0,0,0,0,0,0,0,0,0,0,0,0,0,0,0,0,0,4,0,1,0,0,0,0,0,0,0,0,0,0,0,0,0,0,0,0,0,0,0,0,0,0,0,0,0,0,0,0,0,0,0,0,0,0,0,0,0,0,0,0,0,0,0,0,0,0,0,0,0,0,0,0,0,0,0,0,0,0,0,0,0,0,0,0,4,0,16,0,0,0,0,0,0,0,0,0,8,0,1,0,0,0,114,4,1,0,3,48,1,0,1,103,0,0,0,0,0,0,0,0,0,187,0,0,0,0,0,0,0,0,0,1084,0,0,0,0,0,0,0,0,0,0,0,0,0,0,0,0,0,0,1,2,0,6,0,0,0,0,0,0,2,0,0,6,0,0,0,0,0,0,0,0,0,0,0,0,0,0,0,0,0,0,0,0,0,0,0,0,0,0,0,0,252,0,0,0,0,0,0,0,0,0,0,0,0,0,0,0,0,0,0,0,211,0,0,0,0,0,0,37,0,0,0,0,0,0,0,0,0,0,0,1,0,1,0,0,0,0,0,0,0,0,0,0,4,0,5,0,0,0,0,0,0,0,0,0,0,0,0,0,0,0,0,0,20,0,0,0,0,0,0,0,0,110,0,0,0,0,0,1,0,0,0,0,0,0,0,0,0,0,0,0,0,0,0,0,0,0,0,0,0,0,0,0,0,0,0,0,0,0,0,0,0,0,0,0,0,0,0,0,0,0,0,0,0,0,0,0,0,0,0,0,0,0,0,0,0,0,0,0,0,0,0,0,53,0,0
APT29_VirusShare_a4008cf300fd22f470c38489da9e25cf,3,1337,0,0,0,0,0,0,0,0,0,607,0,0,0,0,0,0,0,0,0,0,0,0,0,0,0,0,0,0,0,0,0,0,2,0,0,2,3486,0,0,0,34,0,0,13,0,0,0,0,0,0,0,0,0,0,0,0,0,0,0,2334,0,0,0,0,0,0,0,0,0,0,2,0,0,0,0,0,0,0,0,0,0,0,0,0,0,0,0,0,0,0,0,348,0,19,0,0,0,0,0,0,0,0,0,0,3,1,0,1,0,1,0,0,0,0,0,4,0,0,0,4,2,1,0,0,0,2,0,3,0,1,0,0,0,0,4,0,0,0,0,0,0,0,0,2,6,0,0,0,1,0,0,1,0,0,1,0,0,4,92,0,696,0,0,0,0,0,2,0,82,124,187,0,85,109,179,175,1213,121,0,0,38,1284,0,3,10,1674,0,2,0,0,0,0,0,0,0,2220,208,0,0,0,0,0,0,0,0,9658,1,0,0,24,0,0,0,0,0,0,0,0,0,9,36,25,0,2,30,0,0,537,0,11,0,0,0,0,63,1,34,466,0,0,0,0,0,0,0,0,0,0,0,0,0,0,0,0,0,0,0,0,0,0,0,0,0,0,0,0,2450,0,2,0,0,0,0,0,0,0,0,0,0,0,0,0,0,0,0,0,7913,0,5,1,0,6,0,707,0,0,0,0,64,40,0,0,2,0,0,1,0,157,1,1,0,0,0,14,0,0,26,0,193,0,260,2,0,0,9,2,0,4,24,9,0,0,0,0,0,0,0,0,790,0,0,0,0,0,0,0,0,1501,0,0,0,0,0,0,0,0,0,0,0,0,0,0,0,0,0,0,0,0,0,0,0,0,0,0,0,0,0,0,0,0,0,0,0,0,0,0,0,0,0,0,0,0,0,0,0,0,0,0,0,0,0,0,0,0,0,0,0,0,0,0,0,0,0,0,0,5,0,0,1153,0,0
APT30_VirusShare_5d4f2871fd1818527ebd65b0ff930a77,2,473,0,0,0,0,0,0,0,0,0,118,0,0,0,0,0,0,0,0,0,0,0,0,0,0,0,0,0,0,0,0,0,0,0,0,0,0,519,0,0,0,1,0,0,0,0,0,0,0,0,0,0,0,0,0,0,0,0,0,0,432,0,0,0,0,0,0,0,0,0,0,0,0,0,0,0,0,0,0,0,0,0,0,0,0,0,0,0,0,0,0,0,6,0,9,0,0,0,0,0,0,0,0,0,0,0,0,0,0,0,0,0,0,0,0,0,1,0,0,0,0,0,0,0,0,0,0,0,1,0,0,0,0,0,0,0,0,0,0,0,0,0,0,0,0,0,0,0,0,0,0,0,0,0,0,0,0,0,0,17,0,23,0,0,0,0,0,0,0,18,15,22,0,18,25,45,39,221,14,0,0,0,132,0,0,0,161,0,0,0,0,0,0,0,0,0,319,24,0,0,0,0,0,0,0,0,4598,0,0,0,0,0,0,0,0,0,0,0,0,1,0,0,3,0,1,8,0,0,13,0,2,0,0,0,0,5,8,2,63,0,0,0,0,0,0,0,0,0,0,0,0,0,0,0,0,0,0,0,0,0,0,0,0,0,0,0,0,241,0,0,0,0,0,0,0,0,0,0,0,0,0,0,0,0,0,0,0,1319,0,0,0,0,2,0,90,0,0,0,0,58,5,0,0,0,0,0,0,0,0,0,0,0,0,0,4,0,0,11,0,79,0,21,0,0,0,0,0,0,0,0,1,0,0,0,0,0,0,0,0,224,0,0,0,0,0,0,0,0,66,0,0,0,0,0,0,0,0,0,0,0,0,0,0,0,0,0,0,0,0,0,0,0,0,0,0,0,0,0,0,0,0,0,0,0,0,0,0,0,0,0,0,0,0,0,0,0,0,0,0,0,0,0,0,0,0,0,0,0,0,0,0,0,0,0,0,0,0,0,0,304,0,0
APT30_VirusShare_b2138a57f723326eda5a26d2dec56851,12,16,0,0,0,0,0,0,0,0,0,0,0,0,0,0,0,0,0,0,0,0,0,0,0,0,0,0,0,0,0,0,0,0,0,0,0,0,3,0,0,0,0,0,0,0,0,0,0,0,0,0,0,0,0,0,0,0,0,0,0,4,0,0,0,0,0,0,0,0,0,0,0,0,0,0,0,0,0,0,0,0,0,0,0,0,0,0,0,0,0,0,0,1,0,0,0,0,0,0,0,0,0,0,0,0,0,0,0,0,0,0,0,0,0,0,0,0,0,0,0,0,0,0,0,0,0,0,0,0,0,0,0,0,0,0,0,0,0,0,0,0,0,0,0,0,0,0,0,0,0,0,0,0,0,0,0,0,0,0,0,0,10,0,0,0,0,0,0,0,2,1,2,0,0,0,0,0,5,4,0,0,1,10,0,0,0,4,0,0,0,0,0,0,0,0,0,4,0,0,0,1,0,0,0,0,0,30,0,0,0,0,0,0,0,0,0,0,0,0,0,0,0,0,0,0,0,0,0,1,0,0,0,0,0,0,0,0,0,4,0,0,0,0,0,0,0,0,0,0,0,0,0,0,0,0,0,0,0,0,0,0,0,0,0,0,0,0,1,1,0,0,0,0,0,0,0,0,0,0,0,0,0,0,0,0,0,0,4,1,0,0,0,0,0,0,0,1,0,0,0,0,0,0,0,0,0,0,0,0,0,0,0,0,0,0,0,0,0,0,1,0,1,0,0,0,0,0,0,0,0,0,0,0,0,0,0,0,0,0,12,0,0,0,0,0,0,0,0,0,0,0,0,0,0,0,0,0,0,0,0,0,0,0,0,0,0,0,0,0,0,0,0,0,0,0,0,0,0,0,0,0,0,0,0,0,0,0,0,0,0,0,0,0,0,0,0,0,0,0,0,0,0,0,0,0,0,0,0,0,0,0,0,0,0,0,0,2,0,0,2,0,0
APT33_VirusShare_10f58774cd52f71cd4438547c39b1aa7,0,0,0,0,0,0,0,0,0,0,0,0,0,0,0,0,0,0,0,0,0,0,0,0,0,0,0,0,0,0,0,0,0,0,0,0,0,0,0,0,0,0,0,0,0,0,0,0,0,0,0,0,0,0,0,0,0,0,0,0,0,0,0,0,0,0,0,0,0,0,0,0,0,0,0,0,0,0,0,0,0,0,0,0,0,0,0,0,0,0,0,0,0,0,0,0,0,0,0,0,0,0,0,0,0,0,0,0,0,0,0,0,0,0,0,0,0,0,0,0,0,0,0,0,0,0,0,0,0,0,0,0,0,0,0,0,0,0,0,0,0,0,0,0,0,0,0,0,0,0,0,0,0,0,0,0,0,0,0,0,0,0,0,0,0,0,0,0,0,0,0,0,0,0,0,0,0,0,1,0,0,0,0,0,0,0,0,0,0,0,0,0,0,0,0,0,0,0,0,0,0,0,0,0,0,0,0,0,0,0,0,0,0,0,0,0,0,0,0,0,0,0,0,0,0,0,0,0,0,0,0,0,0,0,0,0,0,0,0,0,0,0,0,0,0,0,0,0,0,0,0,0,0,0,0,0,0,0,0,0,0,0,0,0,0,0,0,0,0,0,0,0,0,0,0,0,0,0,0,0,0,0,0,0,0,0,0,0,0,0,0,0,0,0,0,0,0,0,0,0,0,0,0,0,0,0,0,0,0,0,0,0,0,0,0,0,0,0,0,0,0,0,0,0,0,0,0,0,0,0,0,0,0,0,0,0,0,0,0,0,0,0,0,0,0,0,0,0,0,0,0,0,0,0,0,0,0,0,0,0,0,0,0,0,0,0,0,0,0,0,0,0,0,0,0,0,0,0,0,0,0,0,0,0,0,0,0,0,0,0,0,0,0,0,0,0,0,0,0,0,0,0,0,0,0,0,0,0,0,0,0,0,0,0,0,0,0,0,0,0,0,0,0
APT33_VirusShare_99fa06574acad41ad3ea5998923873ce,0,462,0,0,0,0,0,0,0,0,0,78,0,0,0,0,0,0,0,0,0,0,0,0,0,0,0,0,0,0,0,0,0,0,0,0,0,0,665,0,0,0,0,0,0,0,0,0,4,3,0,0,0,0,1,5,0,5,0,2,16,344,0,0,0,0,2,0,0,1,0,0,0,0,0,0,0,0,0,0,0,0,0,0,0,0,0,0,0,0,0,0,0,0,0,0,0,0,0,0,0,0,0,0,0,0,0,0,0,0,0,0,0,0,0,0,0,0,0,0,0,0,0,0,0,0,0,0,0,0,0,0,1,0,0,0,0,0,0,0,0,0,0,0,0,0,0,0,0,0,0,0,0,0,0,0,0,0,0,0,6,0,0,0,0,0,0,0,0,0,43,46,23,0,10,2,0,13,398,28,0,0,1,177,0,0,7,419,0,0,0,0,0,0,0,0,0,268,2,0,0,0,0,0,0,0,0,3628,0,0,0,0,0,0,0,0,0,0,0,0,0,0,0,3,0,0,0,0,0,228,0,6,0,0,0,0,3,12,10,15,0,0,0,0,0,0,0,0,0,0,0,0,0,0,0,0,0,0,0,0,0,0,0,0,0,0,0,0,333,0,0,0,0,0,0,0,0,0,0,0,0,0,0,0,0,0,0,0,217,0,0,0,0,0,0,134,0,0,0,0,3,7,0,0,0,0,0,1,0,0,0,0,0,0,0,0,0,0,8,0,66,0,87,0,0,0,0,0,0,0,0,4,0,0,0,0,0,0,0,0,355,0,0,0,0,0,0,0,0,438,0,0,0,0,0,0,0,0,0,0,0,0,0,0,0,0,0,0,0,0,0,0,0,0,0,0,0,0,0,0,0,0,0,0,0,0,0,0,0,0,0,0,0,0,0,0,0,0,0,0,0,0,0,0,0,0,0,0,0,0,0,0,0,0,0,0,0,2,0,0,162,0,0
APT39_VirusShare_486aa8849c173450911f886116f4b5d6,0,135,0,0,0,0,0,0,0,0,0,122,0,0,0,0,0,0,0,0,0,0,0,0,0,0,0,0,0,0,0,0,0,0,0,0,0,0,912,0,0,0,9,0,0,0,0,0,0,0,0,0,0,0,0,0,0,0,0,0,0,546,0,0,0,0,0,0,0,0,0,0,0,0,0,0,0,0,0,0,0,0,0,0,0,0,0,0,0,0,0,0,0,49,0,5,0,0,0,0,0,0,0,0,0,0,0,0,0,0,0,0,0,0,0,0,0,0,0,0,0,0,0,0,0,0,0,0,0,0,0,0,0,0,0,0,0,0,0,0,0,0,0,0,0,0,0,0,0,0,0,0,0,0,0,0,0,0,0,8,28,0,125,0,0,0,0,0,0,0,10,10,14,0,13,27,36,14,307,31,0,0,4,280,0,0,0,347,0,0,0,0,0,0,0,0,0,171,28,0,0,0,0,0,0,0,0,1439,0,0,0,0,0,0,0,0,0,0,0,0,0,0,0,3,0,0,24,0,0,35,0,0,0,0,0,0,19,0,9,68,0,0,0,0,0,0,0,0,0,0,0,0,0,0,0,0,0,0,0,0,0,0,0,0,0,0,0,0,220,0,0,0,0,0,0,0,0,0,0,0,0,0,0,0,0,0,0,0,2065,0,0,0,0,0,0,101,0,0,0,0,15,15,0,0,0,0,0,0,0,0,3,0,0,0,0,3,0,0,7,0,65,0,31,2,0,0,0,0,0,0,2,1,0,0,0,0,0,0,0,0,89,0,0,0,0,0,0,0,0,233,0,0,0,0,0,0,0,0,0,0,0,0,0,0,0,0,0,0,0,0,0,0,0,0,0,0,0,0,0,0,0,0,0,0,0,0,0,0,0,0,0,0,0,0,0,0,0,0,0,0,0,0,0,0,0,0,0,0,0,0,0,0,0,0,0,0,0,0,0,0,142,0,0
APT3_VirusShare_5a0c4e1925c76a959ab0588f683ab437,0,17,0,0,0,0,0,0,0,0,0,4,0,0,0,0,0,0,0,0,0,0,0,0,0,0,0,0,0,0,0,0,0,0,0,0,0,0,95,0,0,0,0,0,0,0,0,0,0,0,0,0,0,0,0,0,0,0,0,0,0,40,0,0,0,0,0,0,0,0,0,0,0,0,0,0,0,0,0,0,0,0,0,0,0,0,0,0,0,0,0,0,0,1,0,0,0,0,0,0,0,0,0,0,0,0,0,0,0,0,0,0,0,0,0,0,0,0,0,0,0,0,0,0,0,0,0,0,0,0,0,0,0,0,0,0,0,0,0,0,0,0,0,0,0,0,0,0,0,0,0,0,0,0,0,0,0,0,0,0,0,0,3,0,0,0,0,0,0,0,0,3,4,0,0,0,0,0,25,1,0,0,0,23,0,0,0,27,0,0,0,0,0,0,0,0,0,23,2,0,0,0,0,0,0,0,0,181,0,0,0,0,0,0,0,0,0,0,0,0,0,0,0,0,0,0,0,0,0,3,0,0,0,0,0,0,2,0,3,1,0,0,0,0,0,0,0,0,0,0,0,0,0,0,0,0,0,0,0,0,0,0,0,0,0,0,0,0,69,0,0,0,0,0,0,0,0,0,0,0,0,0,0,0,0,0,0,0,181,0,1,0,0,0,0,30,0,0,0,0,0,1,0,0,0,0,0,0,0,0,0,0,0,0,0,1,0,0,2,0,1,0,1,0,0,0,0,0,0,0,0,0,0,0,0,0,0,0,0,0,6,0,0,0,0,0,0,0,0,22,0,0,0,0,0,0,0,0,0,0,0,0,0,0,0,0,0,0,0,0,0,0,0,0,0,0,0,0,0,0,0,0,0,0,0,0,0,0,0,0,0,0,0,0,0,0,0,0,0,0,0,0,0,0,0,0,0,0,0,0,0,0,0,0,0,0,0,0,0,0,34,0,0
APT3_VirusShare_b48e578f030a7b5bb93a3e9d6d1e2a83,89,682,0,0,0,0,0,0,0,0,0,275,0,0,0,0,0,0,0,0,0,0,0,0,0,0,0,0,0,0,0,0,0,0,0,0,0,0,940,0,0,0,29,0,126,92,0,0,0,0,0,0,0,0,0,0,0,0,0,0,0,489,0,0,0,0,0,1,3,0,0,0,0,0,0,0,0,0,0,0,0,0,0,0,0,0,0,0,0,0,0,0,0,251,0,9,0,0,0,0,0,0,0,0,0,0,0,0,0,0,0,0,0,0,0,1,0,0,0,5,0,0,0,0,0,0,0,0,0,0,0,0,0,3,0,0,0,0,0,0,0,0,0,0,0,0,0,0,3,0,0,0,0,0,0,0,0,0,3,22,88,6,164,0,0,2,3,0,0,0,21,33,65,0,25,22,48,61,184,31,18,8,24,279,17,15,12,371,1,0,0,0,0,0,0,5,0,1166,0,3,2,0,1,0,0,0,0,3962,0,0,0,0,0,0,0,0,0,0,0,0,0,118,0,147,0,1,8,0,0,0,0,92,0,0,0,0,101,1,270,355,0,0,0,0,2,0,0,0,0,0,0,0,0,0,0,0,0,0,0,0,0,0,0,0,0,0,0,0,1222,0,39,0,0,0,0,0,0,0,0,0,0,0,0,0,0,0,0,0,2656,0,43,0,76,82,0,385,4,74,86,0,82,95,0,0,224,0,0,0,0,0,0,0,0,0,0,10,0,0,4,0,281,0,252,0,0,118,115,0,6,9,0,148,0,7,0,0,0,0,0,0,334,0,0,0,0,0,0,0,0,485,0,0,0,0,0,0,0,0,0,0,0,0,0,0,0,0,0,0,0,0,0,0,0,0,0,0,0,0,0,0,0,0,0,0,0,0,0,0,0,0,0,0,0,0,0,0,0,0,0,0,0,0,0,0,0,0,0,0,0,0,0,0,0,0,0,0,0,108,0,1,556,0,0
AXIOM_VirusShare_50d539a6390a4ebe0927f140dc1c06f2,14,18,0,0,0,0,0,0,0,0,0,2,0,0,0,0,0,0,0,0,0,0,0,0,0,0,0,0,0,0,0,0,0,0,0,0,0,0,5,0,0,0,0,0,0,0,0,0,0,0,0,0,0,0,0,0,0,0,0,0,0,5,0,0,0,0,0,0,0,0,0,0,0,0,0,0,0,0,0,0,0,0,0,0,0,0,0,0,0,0,0,0,0,3,0,0,0,0,0,0,0,0,0,0,0,0,0,0,0,0,0,0,0,0,0,0,0,0,0,0,0,0,0,0,0,0,0,0,0,0,0,0,0,0,0,0,0,0,0,0,0,0,0,0,0,0,0,0,0,0,0,0,0,0,0,0,0,0,0,0,0,0,8,0,0,0,0,0,0,1,2,1,5,0,0,0,0,0,8,3,0,0,0,11,0,0,0,4,0,0,0,0,0,0,0,0,0,7,0,0,0,1,0,0,0,0,0,33,0,0,0,0,0,0,0,0,0,0,0,0,0,0,0,0,0,0,0,0,0,0,0,0,0,0,0,0,0,0,0,4,0,0,0,0,0,0,0,0,0,0,0,0,0,0,0,0,0,0,0,0,0,0,0,0,0,0,0,0,3,1,0,0,0,0,0,0,0,0,0,0,0,0,0,0,0,0,0,0,15,1,0,0,0,0,0,2,0,1,0,0,1,0,0,0,1,0,0,0,0,0,0,0,0,0,0,0,0,0,0,0,1,0,0,0,0,0,0,0,0,0,0,0,0,0,0,0,0,0,0,0,16,0,0,0,0,0,0,0,0,0,0,0,0,0,0,0,0,0,0,0,0,0,0,0,0,0,0,0,0,0,0,0,0,0,0,0,0,0,0,0,0,0,0,0,0,0,0,0,0,0,0,0,0,0,0,0,0,0,0,0,0,0,0,0,0,0,0,0,0,0,0,0,0,0,0,0,0,3,0,0,2,0,0
AXIOM_VirusShare_98721c78dfbf8a45d152a888c804427c,4,1074,0,0,0,0,0,0,0,0,0,750,0,0,0,0,0,0,0,0,0,0,0,0,0,0,0,0,0,0,0,0,0,0,2,0,0,2,4298,0,0,0,50,0,0,12,0,0,0,0,0,0,0,0,0,0,0,0,0,0,0,2861,0,0,0,0,0,0,0,0,0,0,2,0,0,0,0,0,0,0,0,0,0,0,0,0,0,0,0,0,0,0,5,267,0,19,0,0,0,0,0,0,0,0,0,0,2,0,0,1,0,0,0,0,0,0,0,0,0,0,0,3,1,1,0,0,0,1,0,1,0,1,0,0,0,0,2,0,0,0,0,0,0,0,0,2,3,0,0,0,1,0,0,0,0,0,0,0,0,2,46,0,629,0,0,0,0,0,25,0,107,111,173,0,86,117,143,110,1642,99,0,0,25,1733,0,2,15,2305,0,2,0,0,0,0,0,0,0,1460,177,0,0,0,0,0,0,0,0,11727,1,0,0,24,0,0,0,0,0,0,0,0,0,3,288,22,0,3,76,0,0,570,0,10,0,0,0,0,74,0,49,599,0,0,0,0,0,0,0,0,0,0,0,0,0,0,0,0,0,0,0,0,0,0,0,0,0,0,0,0,2598,0,2,0,0,0,0,0,0,0,0,0,0,0,0,0,0,0,0,0,8369,0,5,1,0,4,0,1278,0,0,0,0,103,47,0,0,2,0,0,0,0,157,1,3,0,0,0,41,1,0,46,0,156,0,160,2,0,0,9,2,0,2,25,6,0,0,0,0,0,0,0,0,729,0,0,0,0,0,0,0,0,1946,0,0,0,0,0,0,0,0,0,0,0,0,0,0,0,0,0,0,0,0,0,0,0,0,0,0,0,0,0,0,0,0,0,0,0,0,0,0,0,0,0,0,0,0,0,0,0,0,0,0,0,0,0,0,0,0,0,0,0,0,0,0,0,0,0,0,3,2,0,0,1330,0,0
BlueMockingbird_VirusShare_7803079212e69569d2354a0d047e1eae,169,26673,18,1,154,9,0,0,24,969,48,8095,12,5,11,0,0,0,0,0,0,0,0,0,0,0,0,0,0,0,0,12,19,2,292,4,138,129,47178,0,0,0,149,244,0,0,0,0,183,34,158,111,25,52,73,737,20,561,45,35,488,25377,0,1,0,1,0,0,0,128,73,17,33,209,0,0,0,0,35,0,2,3,10,0,7,61,10,2,3,1,21,6,0,1187,15,330,42,0,0,0,0,0,0,0,0,0,0,0,0,0,0,0,0,0,0,0,0,0,0,0,0,0,0,0,0,0,0,0,0,0,0,0,0,0,0,0,0,0,0,0,0,0,0,0,0,0,0,0,0,0,0,0,0,0,0,0,0,0,0,227,2326,0,4614,48,0,0,5,0,7689,0,1422,1237,2627,0,737,683,1096,1844,15117,1483,2,0,502,16756,0,17,546,22927,0,10,0,0,0,0,0,0,0,41970,0,0,0,0,0,0,0,0,1,230009,32,3555,1798,8099,681,150,0,0,0,0,8,7746,0,1,529,0,51,0,425,3169,2315,12820,0,643,3,162,9,0,557,4668,537,6217,25,9,4,0,0,0,0,98,1628,0,82,39,4,45,26,8,2,10,0,1,1,0,7,5,24,4,2,2,16470,0,0,77,6,130,5,2,168,5,1,12,857,9,22,9,3,876,2210,2,12550,0,0,2057,0,6,0,11869,0,1648,1789,0,1434,238,0,0,0,0,34,10,86,68,6,12,2,5,5,343,0,5,287,1,4676,0,9771,0,151,0,0,6,0,19,0,2,42,0,4,0,0,0,0,0,14318,0,0,59,9,0,0,0,0,26813,0,0,0,16,8,0,0,0,1,0,1,36,1,1,1,1,9,8,2,1,1,3,3,1,2,1,26,4,2,2,1,6,21,30,45,1,24,40,1,3,44,9,3,3,10,1,1,2,7,7,2,1,5,2,3,1,5,3,19,5,3,1,1,2,2,0,179,134,2,0,31541,1,403
BlueMockingbird_VirusShare_fbda82e9f39843749ede9d428ca321a9,0,627,7,0,18,0,0,0,0,0,0,365,2,2,0,0,0,0,0,0,0,0,0,0,0,0,0,0,0,0,0,1,7,2,22,0,8,16,1114,0,0,0,1,3,0,0,0,0,8,1,10,5,0,2,0,0,0,18,0,3,30,948,0,0,0,0,0,0,0,3,4,0,4,0,0,0,0,0,2,0,0,0,0,0,0,0,0,0,0,0,1,0,0,54,0,11,1,0,0,0,0,0,0,0,0,0,0,0,0,0,0,0,0,0,0,0,0,0,0,0,0,0,0,0,0,0,0,0,0,0,0,0,0,0,0,0,0,0,0,0,0,0,0,0,0,0,0,0,0,0,0,0,0,0,0,0,0,0,0,0,33,0,205,10,0,0,5,0,218,0,64,41,52,0,11,6,23,26,650,84,0,0,11,561,0,0,17,918,0,2,0,0,0,0,0,0,0,844,0,0,0,0,0,0,0,0,0,5126,14,37,2,12,4,0,0,0,0,0,8,6,0,1,55,0,0,0,20,59,107,104,0,3,0,24,0,0,41,51,17,202,1,0,0,0,0,0,0,0,0,0,3,0,0,7,0,1,0,2,0,0,0,0,0,0,8,0,0,0,358,0,0,3,0,1,1,0,0,0,0,0,0,2,1,1,1,0,0,0,357,0,0,0,0,0,0,380,0,1,38,0,40,41,0,0,0,0,7,0,5,2,0,1,0,0,0,17,0,0,24,1,69,0,112,0,0,0,0,3,0,1,0,0,1,0,2,0,0,0,0,0,553,0,0,7,0,0,0,0,0,825,0,0,0,0,0,0,0,0,0,0,0,9,0,0,0,0,4,2,0,0,0,0,0,0,1,0,5,3,1,0,0,0,1,0,5,0,2,8,0,0,15,0,0,1,7,1,1,2,3,0,1,0,2,1,1,0,1,0,6,0,0,0,0,2,2,0,7,14,2,0,606,1,7
BronzeButtler_VirusShare_176dcc45e4d450fc5242cc4da5745bb8,12,20,0,0,0,0,0,0,0,0,0,3,0,0,0,0,0,0,0,0,0,0,0,0,0,0,0,0,0,0,0,0,0,0,0,0,0,0,5,0,0,0,0,0,0,0,0,0,0,0,0,0,0,0,0,0,0,0,0,0,0,6,0,0,0,0,0,0,0,0,0,0,0,0,0,0,0,0,0,0,0,0,0,0,0,0,0,0,0,0,0,0,0,2,0,0,0,0,0,0,0,0,0,0,0,0,0,0,0,0,0,0,0,0,0,0,0,0,0,0,0,0,0,0,0,0,0,0,0,0,0,0,0,0,0,0,0,0,0,0,0,0,0,0,0,0,0,0,0,0,0,0,0,0,0,0,0,0,0,0,0,0,9,0,0,0,0,0,0,0,3,1,2,0,0,0,0,0,7,4,0,0,0,11,0,0,0,5,0,0,0,0,0,0,0,0,0,8,0,0,0,1,0,0,0,0,0,35,0,0,0,0,0,0,0,0,0,0,0,0,0,0,0,0,0,0,0,0,0,0,0,0,0,0,0,0,0,0,0,4,0,0,0,0,0,0,0,0,0,0,0,0,0,0,0,0,0,0,0,0,0,0,0,0,0,0,0,0,3,1,0,0,0,0,0,0,0,0,0,0,0,0,0,0,0,0,0,0,15,1,0,0,0,0,0,0,0,2,0,0,0,0,0,0,1,0,0,0,0,0,0,0,0,0,0,0,0,0,0,0,2,0,1,0,0,0,0,0,0,0,0,0,0,0,0,0,0,0,0,0,13,0,0,0,0,0,0,0,0,0,0,0,0,0,0,0,0,0,0,0,0,0,0,0,0,0,0,0,0,0,0,0,0,0,0,0,0,0,0,0,0,0,0,0,0,0,0,0,0,0,0,0,0,0,0,0,0,0,0,0,0,0,0,0,0,0,0,0,0,0,0,0,0,0,0,0,0,4,0,0,3,0,0
BronzeButtler_VirusShare_caafc4b6154022e7d50869d50d67148a,0,906,0,0,0,0,0,0,0,0,0,51,0,0,0,0,0,0,0,0,0,0,0,0,0,0,0,0,0,0,0,0,0,0,0,0,0,0,557,0,0,0,2,0,0,0,0,0,0,0,0,0,0,0,0,0,0,0,0,0,0,113,0,0,0,0,0,0,0,0,0,0,0,0,0,0,0,0,0,0,0,0,0,0,0,0,0,0,0,0,0,0,0,15,0,2,0,0,0,0,0,0,0,0,0,0,0,0,0,0,0,0,0,0,0,0,0,0,0,0,0,0,0,0,0,0,0,0,0,0,0,0,0,0,0,0,0,0,0,0,0,0,0,0,0,0,0,0,0,0,0,0,0,0,0,0,0,0,0,2,3,0,15,0,0,0,0,0,0,0,0,6,2,0,8,12,15,26,62,1,0,0,0,58,0,0,1,91,0,0,0,0,0,0,0,0,0,432,19,0,0,0,0,0,0,0,0,520,0,0,0,0,0,0,0,0,0,0,0,0,8,2,0,23,0,2,12,0,0,12,0,0,0,0,0,0,4,0,0,23,0,0,0,0,0,0,0,0,0,0,0,0,0,0,0,0,0,0,0,0,0,0,0,0,0,0,0,0,179,1,0,0,0,0,0,0,0,0,0,0,0,0,0,0,0,0,0,0,1525,1,0,0,0,0,1,45,0,0,0,0,7,2,0,0,0,0,0,0,0,0,1,0,0,0,0,0,0,0,0,0,25,0,20,0,0,0,0,0,0,0,0,0,0,0,0,0,0,0,0,0,846,0,0,0,0,0,0,0,0,85,0,0,0,0,0,0,0,0,0,0,0,0,0,0,0,0,0,0,0,0,0,0,0,0,0,0,0,0,0,0,0,0,0,0,0,0,0,0,0,0,0,0,0,0,0,0,0,0,0,0,0,0,0,0,0,0,0,0,0,0,0,0,0,0,0,0,0,0,0,0,40,0,0
BronzeButtler_VirusShare_cb778f79c76a9ee1c3360c2d72dcf762,1,326,0,0,0,0,0,0,0,0,0,256,0,0,0,0,0,0,0,0,0,0,0,0,0,0,0,0,0,0,0,0,0,0,0,0,0,0,552,0,0,0,2,0,0,13,0,0,0,0,0,0,0,0,0,0,0,0,0,0,0,716,0,0,0,0,1,0,0,0,0,0,0,0,0,0,0,0,0,0,0,0,0,0,0,0,0,0,0,0,0,0,0,110,0,16,0,0,0,0,0,0,0,0,0,0,0,0,0,0,0,0,0,0,0,0,0,0,0,0,0,0,0,0,0,0,0,0,0,0,0,0,0,0,0,0,0,0,0,0,0,0,0,0,0,0,0,0,0,0,0,0,0,0,0,0,0,0,0,0,8,0,198,0,0,0,0,0,0,0,26,29,63,1,21,23,40,32,418,50,0,0,8,434,0,0,7,570,0,0,0,0,0,0,0,0,0,390,57,0,0,0,0,0,0,0,0,2493,0,0,0,0,0,0,0,0,0,0,0,0,0,9,3,25,0,0,14,0,0,42,0,7,0,0,0,0,21,0,19,190,0,0,0,0,0,0,0,0,0,0,0,0,0,0,0,0,0,0,0,0,0,0,0,0,0,0,0,0,661,0,0,0,0,0,0,0,0,0,0,0,0,0,0,0,0,0,0,0,1697,0,0,0,0,4,0,241,0,0,0,0,44,16,0,0,13,0,0,0,0,0,1,0,0,0,0,5,0,0,2,0,38,0,64,0,0,0,9,0,3,2,6,27,0,0,0,0,0,0,0,0,165,0,0,0,0,0,0,0,0,465,0,0,0,0,0,0,0,0,0,0,0,0,0,0,0,0,0,0,0,0,0,0,0,0,0,0,0,0,0,0,0,0,0,0,0,0,0,0,0,0,0,0,0,0,0,0,0,0,0,0,0,0,0,0,0,0,0,0,0,0,0,0,0,0,0,0,0,3,0,0,220,0,0
DeepPanda_VirusShare_0a9545f9fc7a6d8596cf07a59f400fd3,1,585,0,0,0,0,0,0,0,0,0,235,0,0,0,0,0,0,0,0,0,0,0,0,0,0,0,0,0,0,0,0,0,0,0,0,0,0,2178,0,0,0,9,0,0,0,0,0,0,0,0,0,0,0,0,0,0,0,0,0,0,792,0,0,0,0,0,0,0,0,0,0,0,0,0,0,0,0,0,0,0,0,0,0,0,0,0,0,0,0,0,0,0,80,0,4,0,0,0,0,1,0,0,0,0,0,1,0,0,0,0,0,0,0,0,0,0,3,0,0,0,2,1,0,0,0,0,0,0,2,0,0,0,0,0,0,1,0,0,0,0,0,0,0,0,0,5,0,0,0,0,0,0,0,0,0,0,0,0,5,36,0,196,0,0,0,0,0,1,0,24,28,76,0,13,11,27,55,467,25,0,0,17,504,0,0,32,733,0,0,0,0,0,0,0,0,0,1362,124,0,0,0,0,0,0,0,0,3931,0,0,0,0,0,0,0,0,0,0,0,0,0,0,24,1,0,0,12,0,0,92,0,1,0,0,0,0,6,0,28,118,0,0,0,0,0,0,0,0,0,0,0,0,0,0,0,0,0,0,0,0,0,0,0,0,0,0,0,0,1172,0,0,0,0,0,0,0,0,0,0,0,0,0,0,0,0,0,0,0,5077,0,1,0,0,0,0,260,0,44,10,0,17,11,0,0,0,0,0,0,0,0,0,0,0,0,0,2,1,0,16,0,32,0,53,0,0,0,0,0,0,0,0,0,0,0,0,0,0,0,0,0,230,0,0,0,0,0,0,0,0,679,0,0,0,0,0,0,0,0,0,0,0,0,0,0,0,0,0,0,0,0,0,0,0,0,0,0,0,0,0,0,0,0,0,0,0,0,0,0,0,0,0,0,0,0,0,0,0,0,0,0,0,0,0,0,0,0,0,0,0,0,0,0,0,0,0,0,0,1,0,0,545,0,0
DeepPanda_VirusShare_230d8a7a60a07df28a291b13ddf3351f,4,1066,0,0,0,0,0,0,0,0,0,747,0,0,0,0,0,0,0,0,0,0,0,0,0,0,0,0,0,0,0,0,0,0,2,0,0,2,4275,0,0,0,50,0,0,12,0,0,0,0,0,0,0,0,0,0,0,0,0,0,0,2857,0,0,0,0,0,0,0,0,0,0,2,0,0,0,0,0,0,0,0,0,0,0,0,0,0,0,0,0,0,0,5,269,0,19,0,0,0,0,0,0,0,0,0,0,2,0,0,1,0,0,0,0,0,0,0,0,0,0,0,3,1,1,0,0,0,1,0,1,0,1,0,0,0,0,2,0,0,0,0,0,0,0,0,2,3,0,0,0,1,0,0,0,0,0,0,0,0,2,46,0,631,0,0,0,0,0,26,0,107,111,173,0,89,117,145,110,1638,99,0,0,25,1735,0,2,15,2304,0,2,0,0,0,0,0,0,0,1463,176,0,0,0,0,0,0,0,0,11518,1,0,0,24,0,0,0,0,0,0,0,0,0,3,288,22,0,3,74,0,0,566,0,10,0,0,0,0,74,0,49,602,0,0,0,0,0,0,0,0,0,0,0,0,0,0,0,0,0,0,0,0,0,0,0,0,0,0,0,0,2576,0,2,0,0,0,0,0,0,0,0,0,0,0,0,0,0,0,0,0,8310,0,5,1,0,4,0,1256,0,0,0,0,103,47,0,0,2,0,0,0,0,157,1,3,0,0,0,41,1,0,46,0,156,0,160,2,0,0,9,2,0,2,25,6,0,0,0,0,0,0,0,0,732,0,0,0,0,0,0,0,0,1957,0,0,0,0,0,0,0,0,0,0,0,0,0,0,0,0,0,0,0,0,0,0,0,0,0,0,0,0,0,0,0,0,0,0,0,0,0,0,0,0,0,0,0,0,0,0,0,0,0,0,0,0,0,0,0,0,0,0,0,0,0,0,0,0,0,0,5,2,0,0,1333,0,0
Dragonfly_VirusShare_1080e27b83c37dfeaa0daaa619bdf478,0,140,0,0,0,0,0,0,0,0,0,95,0,0,0,0,0,0,0,0,0,0,0,0,0,0,0,0,0,0,0,0,0,0,0,0,0,0,853,0,0,0,8,0,0,0,0,0,0,0,0,0,0,0,0,0,0,0,0,0,0,521,0,0,0,0,0,0,0,0,0,0,0,0,0,0,0,0,0,0,0,0,0,0,0,0,0,0,0,0,0,0,0,45,0,5,0,0,0,0,0,0,0,0,0,0,0,0,0,0,0,0,0,0,0,0,0,0,0,0,0,0,0,0,0,0,0,0,0,0,0,0,0,0,0,0,0,0,0,0,0,0,0,0,0,0,0,0,0,0,0,0,0,0,0,0,0,0,0,8,28,0,120,0,0,0,0,0,0,0,8,9,12,0,13,30,36,15,288,31,0,0,2,266,0,0,1,311,0,0,0,0,0,0,0,0,0,163,21,0,0,0,0,0,0,0,0,1302,0,0,0,0,0,0,0,0,0,0,0,0,0,0,0,3,0,0,10,0,0,35,0,0,0,0,0,0,16,0,5,51,0,0,0,0,0,0,0,0,0,0,0,0,0,0,0,0,0,0,0,0,0,0,0,0,0,0,0,0,156,0,0,0,0,0,0,0,0,0,0,0,0,0,0,0,0,0,0,0,1963,0,0,0,0,0,0,73,0,0,0,0,14,12,0,0,0,0,0,0,0,0,3,0,0,0,0,3,0,0,7,0,55,0,28,1,0,0,0,0,0,0,2,1,0,0,0,0,0,0,0,0,86,0,0,0,0,0,0,0,0,205,0,0,0,0,0,0,0,0,0,0,0,0,0,0,0,0,0,0,0,0,0,0,0,0,0,0,0,0,0,0,0,0,0,0,0,0,0,0,0,0,0,0,0,0,0,0,0,0,0,0,0,0,0,0,0,0,0,0,0,0,0,0,0,0,0,0,0,0,0,0,125,0,0
Dragonfly_VirusShare_ab8811f71e72db9566d2995ef69ae679,0,3,0,0,0,0,0,0,0,0,0,2,0,0,0,0,0,0,0,0,0,0,0,0,0,0,0,0,0,0,0,0,0,0,0,0,0,0,33,0,0,0,0,0,0,0,0,0,0,0,0,0,0,0,0,0,0,0,0,0,0,27,0,0,0,0,0,0,0,0,0,0,0,0,0,0,0,0,0,0,0,0,0,0,0,0,0,0,0,0,0,0,0,1,0,0,0,0,0,0,0,0,0,0,0,0,0,0,0,0,0,0,0,0,0,0,0,0,0,0,0,0,0,0,0,0,0,0,0,0,0,0,1,0,0,0,0,0,0,0,0,0,0,0,0,0,0,0,0,0,0,0,0,0,0,0,0,0,0,0,0,0,6,0,0,0,0,0,0,0,1,0,3,0,0,0,0,0,40,0,0,0,0,12,0,0,0,19,0,0,0,0,0,0,0,0,0,8,4,0,0,0,0,0,0,0,0,121,0,0,0,0,0,0,0,0,0,0,0,0,0,0,0,0,0,0,0,0,0,6,0,0,0,0,0,0,0,1,0,4,0,0,0,0,0,0,0,0,0,0,0,0,0,0,0,0,0,0,0,0,0,0,0,0,0,0,0,0,8,0,0,0,0,0,0,0,0,0,0,0,0,0,0,0,0,0,0,0,15,0,0,0,0,0,0,9,0,0,0,0,0,0,0,0,0,0,0,0,0,0,0,0,0,0,0,6,0,0,6,0,0,0,0,0,0,0,0,0,0,0,0,0,0,0,0,0,0,0,0,0,15,0,0,0,0,0,0,0,0,20,0,0,0,0,0,0,0,0,0,0,0,0,0,0,0,0,0,0,0,0,0,0,0,0,0,0,0,0,0,0,0,0,0,0,0,0,0,0,0,0,0,0,0,0,0,0,0,0,0,0,0,0,0,0,0,0,0,0,0,0,0,0,0,0,0,0,0,0,0,0,9,0,0
Evilnum_VirusShare_9888accbce9c3be970d4eb3c7a253b86,0,0,0,0,0,0,0,0,0,0,0,0,0,0,0,0,0,0,0,0,0,0,0,0,0,0,0,0,0,0,0,0,0,0,0,0,0,0,0,0,0,0,0,0,0,0,0,0,0,0,0,0,0,0,0,0,0,0,0,0,0,0,0,0,0,0,0,0,0,0,0,0,0,0,0,0,0,0,0,0,0,0,0,0,0,0,0,0,0,0,0,0,0,0,0,0,0,0,0,0,0,0,0,0,0,0,0,0,0,0,0,0,0,0,0,0,0,0,0,0,0,0,0,0,0,0,0,0,0,0,0,0,0,0,0,0,0,0,0,0,0,0,0,0,0,0,0,0,0,0,0,0,0,0,0,0,0,0,0,0,0,0,0,0,0,0,0,0,0,0,0,0,0,0,0,0,0,0,1,0,0,0,0,0,0,0,0,0,0,0,0,0,0,0,0,0,0,0,0,0,0,0,0,0,0,0,0,0,0,0,0,0,0,0,0,0,0,0,0,0,0,0,0,0,0,0,0,0,0,0,0,0,0,0,0,0,0,0,0,0,0,0,0,0,0,0,0,0,0,0,0,0,0,0,0,0,0,0,0,0,0,0,0,0,0,0,0,0,0,0,0,0,0,0,0,0,0,0,0,0,0,0,0,0,0,0,0,0,0,0,0,0,0,0,0,0,0,0,0,0,0,0,0,0,0,0,0,0,0,0,0,0,0,0,0,0,0,0,0,0,0,0,0,0,0,0,0,0,0,0,0,0,0,0,0,0,0,0,0,0,0,0,0,0,0,0,0,0,0,0,0,0,0,0,0,0,0,0,0,0,0,0,0,0,0,0,0,0,0,0,0,0,0,0,0,0,0,0,0,0,0,0,0,0,0,0,0,0,0,0,0,0,0,0,0,0,0,0,0,0,0,0,0,0,0,0,0,0,0,0,0,0,0,0,0,0,0,0,0,0,0,0,0
Evilnum_VirusShare_e1b17e3ed49f8b4f08c9bef6e17c4a47,43,1379,0,13,39,0,0,0,0,0,0,796,5,22,0,0,0,0,0,0,0,0,0,0,0,0,0,0,0,0,0,2,7,0,25,0,0,2,4899,0,1,0,18,0,0,6,0,0,0,0,1,0,0,0,0,0,0,1,0,0,5,2841,2,0,2,0,0,0,0,2,0,0,3,0,0,0,0,0,1,0,0,0,0,1,0,1,0,0,0,0,1,0,0,129,9,25,3,0,0,1,2,0,0,3,0,6,6,2,0,0,0,0,1,0,0,0,0,1,0,0,2,82,8,6,2,1,1,19,0,1,1,3,0,0,3,2,23,0,0,0,1,0,0,0,6,4,75,4,0,1,0,0,3,0,3,0,3,1,0,10,68,0,417,14,0,0,6,0,81,0,141,94,238,0,52,35,65,91,1862,243,0,5,72,1678,0,10,80,2602,0,5,0,0,0,0,0,0,0,2588,280,0,0,0,0,0,0,0,0,15135,35,2,32,102,55,0,0,1,59,0,0,14,0,2,96,28,0,1,32,0,2,633,0,33,23,44,0,0,98,2,30,512,8,7,0,0,0,0,0,0,0,18,0,0,0,5,7,3,0,1,23,0,5,1,0,0,13,0,0,0,3840,0,0,1,0,13,2,0,0,14,0,0,0,18,4,1,0,0,0,0,10112,0,3,8,0,6,0,1417,0,0,33,0,74,107,0,0,2,0,5,0,10,81,0,2,0,0,0,38,3,2,52,0,65,4,135,2,0,0,3,10,0,1,75,15,0,0,2,0,0,0,0,0,1234,2,0,20,0,0,1,0,0,2145,0,0,0,1,0,0,0,2,5,0,0,0,0,0,0,0,0,0,0,0,0,0,0,0,0,0,0,0,0,0,0,0,0,0,0,0,0,0,0,0,0,0,0,0,0,1,1,2,0,0,0,0,0,0,0,0,0,0,0,0,0,0,0,2,2,5,14,18,1,0,1559,8,0
FIN7_VirusShare_80c15cecf6afaaa03d1e0d3337f16ea0,0,891,0,0,0,0,0,0,0,0,0,236,0,0,0,0,0,0,0,0,0,0,0,0,0,0,0,0,0,0,0,0,0,0,1,0,1,9,3581,0,0,0,11,13,0,0,0,0,3,0,0,13,1,4,1,0,0,15,0,11,23,903,0,0,0,0,0,0,0,0,0,0,0,0,0,0,0,0,0,0,0,0,0,0,0,0,0,0,0,0,0,0,0,184,0,5,0,0,0,0,0,0,0,0,0,0,0,0,0,0,0,0,0,0,0,0,0,0,0,0,0,0,0,0,0,0,0,0,0,0,0,0,0,0,0,0,0,0,0,0,0,0,0,0,0,0,0,0,0,0,0,0,0,0,0,0,0,0,0,3,94,0,264,0,0,0,0,0,443,0,19,23,10,0,39,64,106,220,727,11,0,0,54,506,0,0,41,997,0,0,0,0,0,0,0,0,0,2982,0,0,0,0,0,0,0,0,0,10599,0,35,0,0,0,0,0,0,0,0,0,0,0,0,2,1,0,0,29,264,3,103,0,5,0,0,0,0,11,0,1,290,0,0,0,0,0,0,0,0,0,0,0,0,0,0,0,0,0,0,0,0,0,0,0,0,0,0,0,0,852,0,0,0,0,0,0,0,0,0,0,0,0,0,0,0,0,0,0,0,850,0,0,0,0,0,0,577,0,0,0,0,17,7,0,0,0,0,0,0,0,8,0,0,0,0,1,18,0,0,17,0,18,0,17,0,0,0,0,0,0,0,0,0,0,0,0,0,0,0,0,0,731,0,0,0,0,0,0,0,0,1101,0,0,0,0,0,0,0,0,0,0,0,0,0,0,0,0,0,0,0,0,0,0,0,0,0,0,0,0,0,0,0,0,0,0,0,0,0,0,0,0,0,0,0,0,0,0,0,0,0,0,0,0,0,0,0,0,0,0,0,0,0,0,0,0,0,0,0,0,0,0,1384,0,0
GALLIUM_VirusShare_b4dd22013aefae6f721f0b67be61dc91,0,720,8,0,0,0,0,0,0,0,0,244,0,0,0,0,0,0,0,0,0,0,0,0,0,0,0,0,0,0,0,0,0,2,10,0,4,22,1871,0,0,0,3,5,0,0,0,0,5,1,3,9,0,2,0,0,0,18,0,0,26,1133,0,0,0,0,6,0,0,0,0,0,0,0,0,0,0,0,0,0,0,0,0,0,0,0,0,0,0,0,0,0,0,151,4,8,0,0,0,0,0,0,0,0,0,0,0,0,0,0,0,0,0,0,0,0,0,0,0,0,0,0,0,0,0,0,0,0,0,0,0,0,0,0,0,0,0,0,0,0,0,0,0,0,0,0,0,0,0,0,0,0,0,0,0,0,0,0,0,0,38,0,237,12,0,0,0,0,242,0,50,22,79,0,32,20,37,70,710,61,0,0,20,706,0,0,29,1206,0,0,0,0,0,0,0,0,0,1201,0,0,0,0,0,0,0,0,0,6677,0,2,0,2,1,0,0,0,0,24,0,0,0,0,0,0,0,0,40,253,1,263,0,0,0,0,0,0,28,125,82,273,3,0,0,0,0,0,0,0,0,0,0,0,0,0,0,0,0,0,0,0,0,0,0,0,0,0,0,0,497,0,0,0,0,0,0,0,0,0,0,0,0,0,0,0,0,0,0,0,492,0,0,0,0,0,0,349,0,1,1,0,54,21,0,0,118,0,0,1,0,0,0,0,0,0,0,7,0,0,9,0,20,0,44,0,0,0,0,0,0,0,0,0,0,0,2,0,0,0,0,0,466,0,0,0,0,0,0,0,0,1097,0,0,0,0,0,0,0,0,0,0,0,0,0,0,0,0,0,0,0,0,0,0,0,0,0,0,0,0,0,0,0,0,0,0,0,0,0,0,0,0,0,0,0,0,0,0,0,0,0,0,0,0,0,0,0,0,0,0,0,0,0,0,0,0,0,0,0,0,0,0,756,0,0
GALLIUM_VirusShare_e12c09cf7ec74e8dfa412f9fdc8e1ee3,0,708,8,0,0,0,0,0,0,0,0,214,0,0,0,0,0,0,0,0,0,0,0,0,0,0,0,0,0,0,0,0,0,2,6,0,3,14,1883,0,0,0,2,4,0,0,0,0,6,1,10,6,0,2,0,14,0,11,0,0,22,1132,0,0,0,0,6,0,0,0,0,0,0,1,0,0,0,0,0,0,0,0,0,0,0,0,0,0,0,0,0,0,0,122,4,6,0,0,0,0,0,0,0,0,0,0,0,0,0,0,0,0,0,0,0,0,0,0,0,0,0,0,0,0,0,0,0,0,0,0,0,0,0,0,0,0,0,0,0,0,0,0,0,0,0,0,0,0,0,0,0,0,0,0,0,0,0,0,0,0,35,0,200,12,0,0,0,0,264,0,55,31,151,0,21,20,33,60,690,68,0,0,14,658,0,0,23,1095,0,0,0,0,0,0,0,0,0,1315,0,0,0,0,0,0,0,0,0,6573,0,0,0,0,1,0,0,0,0,24,0,0,0,0,0,0,0,0,34,188,1,198,0,2,0,0,0,0,23,105,52,222,3,0,0,0,0,0,0,0,0,0,0,0,0,0,0,0,0,0,0,0,0,0,0,0,0,0,0,0,491,0,0,0,0,0,0,0,0,0,0,0,0,0,0,0,0,0,0,0,465,0,0,0,0,0,0,363,0,1,1,0,47,20,0,0,84,1,0,1,0,0,0,0,0,0,0,11,0,0,9,0,18,0,40,0,0,0,0,0,0,0,0,0,0,0,2,0,0,0,0,0,487,0,0,0,0,0,0,0,0,1037,0,0,0,0,0,0,0,0,0,0,0,0,0,0,0,0,0,0,0,0,0,0,0,0,0,0,0,0,0,0,0,0,0,0,0,0,0,0,0,0,0,0,0,0,0,0,0,0,0,0,0,0,0,0,0,0,0,0,0,0,0,0,0,0,0,0,0,0,0,0,742,0,0
Gallmaker_VirusShare_066afa6f37c4cfa16ad8fee3e37cca46,0,32,0,0,0,0,0,0,0,0,0,7,0,0,0,0,0,0,0,0,0,0,0,0,0,0,0,0,0,0,0,0,0,0,0,0,0,0,78,0,0,0,0,0,0,0,0,0,0,0,1,0,0,0,0,0,0,0,0,0,1,45,0,0,0,0,0,0,0,2,0,0,0,0,0,0,0,0,0,0,0,0,0,0,0,0,0,0,0,0,0,0,0,2,0,0,0,0,0,0,0,0,0,0,0,0,0,0,0,0,0,0,0,0,0,0,0,0,0,0,0,0,0,0,0,0,0,0,0,0,0,0,0,0,0,0,0,0,0,0,0,0,0,0,0,0,0,0,0,0,0,0,0,0,0,0,0,0,0,0,1,0,2,0,0,0,0,0,17,0,0,0,6,0,0,0,0,1,319,1,0,0,0,23,0,0,2,34,0,0,0,0,0,0,0,0,0,36,0,0,0,0,0,0,0,0,0,284,0,0,0,0,0,0,0,0,0,0,0,0,0,0,0,0,0,0,0,3,0,2,0,0,0,0,0,0,3,1,3,0,0,0,0,0,0,0,0,0,0,0,0,0,0,0,0,0,0,0,0,0,0,0,0,0,0,0,0,0,26,0,0,0,0,0,0,0,0,0,0,0,0,0,0,0,0,0,0,0,26,0,0,0,0,0,0,28,0,0,0,0,0,2,0,0,0,0,0,0,0,0,0,0,0,0,0,0,0,0,2,0,0,0,1,0,0,0,0,0,0,0,0,0,0,0,0,0,0,0,0,0,32,0,0,0,0,0,0,0,0,20,0,0,0,0,0,0,0,0,0,0,0,0,0,0,0,0,0,0,0,0,0,0,0,0,0,0,0,0,0,0,0,0,0,0,0,0,0,0,0,0,0,0,0,0,0,0,0,0,0,0,0,0,0,0,0,0,0,0,0,0,0,0,0,0,0,0,0,2,0,0,24,0,0
Ke3Chang_VirusShare_9d05c93a6e5066883f2e6fab7ce7c1f0,1,898,0,0,0,0,0,0,0,0,0,175,0,0,0,0,0,0,0,0,0,0,0,0,0,0,0,0,0,0,0,0,0,0,0,0,0,0,1072,0,0,0,12,0,0,9,0,0,0,0,0,0,0,0,0,0,0,0,0,0,0,776,0,0,0,0,1,0,0,0,0,0,0,0,0,0,0,0,0,0,0,0,0,0,0,0,0,0,0,0,0,0,0,130,0,22,0,0,0,0,0,0,0,0,0,0,0,0,0,0,0,0,0,0,0,0,0,0,0,0,0,0,0,0,0,0,0,0,0,0,0,0,0,0,0,0,0,0,0,0,0,0,0,0,0,0,0,0,0,0,0,0,0,0,0,0,0,0,0,10,12,0,195,0,0,0,0,0,0,0,32,91,97,1,14,21,28,21,450,44,0,0,0,463,0,0,4,756,0,0,0,0,0,0,0,0,0,444,39,0,0,0,0,0,0,0,0,2864,0,0,0,0,0,0,0,0,0,0,0,0,0,2,3,18,0,0,18,0,0,29,0,17,0,0,0,0,16,0,12,113,0,0,0,0,0,0,0,0,0,0,0,0,0,0,0,0,0,0,0,0,0,0,0,0,0,0,0,0,716,0,0,0,0,0,0,0,0,0,0,0,0,0,0,0,0,0,0,0,2488,0,0,0,0,4,0,257,0,0,0,0,27,10,0,0,5,0,0,0,0,0,1,0,0,0,0,0,0,0,2,0,22,0,70,0,0,0,8,0,3,1,6,6,0,0,0,0,0,0,0,0,171,0,0,0,0,0,0,0,0,630,0,0,0,0,0,0,0,0,0,0,0,0,0,0,0,0,0,0,0,0,0,0,0,0,0,0,0,0,0,0,0,0,0,0,0,0,0,0,0,0,0,0,0,0,0,0,0,0,0,0,0,0,0,0,0,0,0,0,0,0,0,0,0,0,0,0,0,1,0,0,183,0,0
menuPass_VirusShare_c0c8dcc9dad39da8278bf8956e30a3fc,31,1080,0,19,55,7,0,0,0,0,0,539,5,7,0,0,0,0,0,0,0,0,0,0,0,0,0,0,0,0,0,1,7,0,24,0,0,1,1872,0,0,0,26,0,0,7,0,0,0,0,1,8,0,0,0,0,0,2,0,9,3,2111,2,0,2,0,0,0,0,3,0,0,3,0,0,0,0,0,1,6,0,1,11,4,5,1,0,0,0,0,1,1,0,183,7,17,3,1,0,5,2,2,0,8,0,6,8,2,2,0,0,0,1,0,0,0,0,1,0,0,2,101,6,12,2,1,3,16,0,3,2,3,0,0,6,2,23,1,0,2,1,2,2,1,11,11,98,14,0,1,0,1,3,0,3,3,14,1,0,7,60,0,545,10,0,0,4,0,15,0,76,43,99,0,157,67,168,90,862,88,0,5,41,1018,0,16,20,1534,2,5,0,0,0,0,0,0,0,1435,17,0,0,0,0,0,0,0,0,9337,44,24,14,102,55,0,0,1,43,0,0,24,0,2,32,11,20,0,32,0,21,157,0,25,44,44,5,0,51,48,25,378,8,2,0,0,0,0,0,0,0,18,0,0,0,5,0,1,0,1,15,0,2,0,0,0,7,0,0,0,1986,0,0,0,0,2,1,0,0,2,0,0,0,4,1,0,0,0,0,0,4268,0,3,5,0,4,0,781,0,3,33,6,60,59,0,0,2,0,5,0,4,3,0,1,0,0,0,17,0,0,104,0,159,3,105,2,1,0,3,12,0,1,12,4,0,0,0,0,0,0,0,0,599,6,0,44,0,0,0,0,0,1146,0,0,0,1,2,0,0,6,10,0,0,0,0,0,0,0,0,0,0,0,0,0,0,0,0,0,0,0,0,0,0,0,0,0,0,0,0,0,0,0,0,0,0,0,0,1,1,2,0,0,0,0,0,0,0,0,0,0,0,0,0,0,0,2,2,8,7,18,1,3,909,1,5
Moafee_DragonOK_VirusShare_9f1f7e59758e4e4afd8153fbdad09fdb,4,663,0,0,0,0,0,0,0,0,0,352,0,0,0,0,0,0,0,0,0,0,0,0,0,0,0,0,0,0,0,0,0,0,2,0,0,2,1848,0,0,0,21,0,0,12,0,0,0,0,0,0,0,0,0,0,0,0,0,0,0,1323,0,0,0,0,0,0,0,0,0,0,0,0,0,0,0,0,0,0,0,0,0,0,0,0,0,0,0,0,0,0,0,163,0,16,0,0,0,0,0,0,0,0,0,0,0,0,0,0,0,0,0,0,0,0,0,0,0,0,0,0,0,0,0,0,0,0,0,0,0,0,0,0,0,0,0,0,0,0,0,0,0,0,0,0,0,0,0,0,0,0,0,0,0,0,0,0,0,0,21,0,208,0,0,0,0,0,5,0,46,49,110,0,61,24,50,56,765,37,0,0,16,781,0,0,27,1187,0,0,0,0,0,0,0,0,0,649,103,0,0,0,0,0,0,0,0,4793,0,0,0,27,0,0,0,0,0,0,0,0,0,6,14,37,0,8,46,0,0,134,0,4,0,0,0,0,36,52,13,298,0,0,0,0,0,0,0,0,0,0,0,0,0,0,0,0,0,0,0,0,0,0,0,0,0,0,0,0,1490,0,0,0,0,0,0,0,0,0,0,0,0,0,0,0,0,0,0,0,3751,0,2,1,0,2,0,419,0,0,0,0,67,23,0,0,2,0,0,0,0,0,2,0,0,0,0,16,0,0,9,0,65,0,49,0,0,0,9,0,1,0,8,5,0,1,0,0,0,0,0,0,330,0,0,0,0,0,0,0,0,867,0,0,0,0,0,0,0,0,0,0,0,0,0,0,0,0,0,0,0,0,0,0,0,0,0,0,0,0,0,0,0,0,0,0,0,0,0,0,0,0,0,0,0,0,0,0,0,0,0,0,0,0,0,0,0,0,0,0,0,0,0,0,0,0,0,0,0,2,0,0,592,0,0
Patchwork_VirusShare_5c3456d5932544b779fe814133344fdb,65,1930,0,0,0,0,0,0,0,0,0,369,0,0,1,2,0,0,0,0,0,0,0,0,0,0,0,0,0,1,0,0,0,1,21,0,1,3,10837,0,0,0,65,0,0,6,5,0,0,0,0,0,0,0,0,0,0,0,0,0,0,3371,0,0,0,0,9,0,1,0,0,0,0,0,0,0,0,0,0,0,0,0,0,0,0,0,0,0,0,0,0,0,0,782,7,12,0,0,0,1,2,1,2,1,2,1,11,0,0,8,5,0,0,4,1,0,2,86,1,0,43,75,1,8,0,0,0,2,0,20,3,3,1,0,5,0,10,0,1,0,1,0,0,0,0,1,109,3,1,0,0,0,0,0,0,0,0,0,1,22,48,7,737,4,2,0,0,2,4,0,101,87,157,1,151,154,350,293,3400,123,0,0,66,2146,1,0,9,3367,0,0,0,0,0,0,0,0,0,2491,1,15,0,4,0,0,0,0,0,34654,0,0,0,0,0,0,0,0,0,0,0,0,0,13,215,24,0,0,82,0,0,237,0,3,0,0,0,0,51,1,19,289,0,0,0,0,0,4,3,0,0,0,0,0,0,0,0,0,0,0,0,0,0,0,0,0,0,0,0,0,8127,1,0,0,0,0,0,0,0,0,0,0,0,0,0,0,0,0,0,0,13509,2,0,0,3,0,0,3319,0,3,0,11,68,49,0,1,12,1,3,0,4,10,1,5,2,2,0,70,0,0,37,0,38,1,52,0,0,0,1,0,23,5,1,2,0,3,0,0,0,0,0,0,890,0,0,0,0,0,0,0,0,2662,0,0,0,0,0,0,0,0,0,0,0,0,0,0,0,0,0,0,0,0,0,0,0,0,0,0,0,0,0,0,0,0,0,0,0,0,0,0,0,0,0,0,0,0,0,0,0,0,0,0,0,0,0,0,0,0,0,0,0,0,0,0,0,0,0,151,3,66,0,0,3138,0,0
Sidewinder_VirusShare_84c6cbe7e0099e39bf923c061bc29d1f,0,0,0,0,0,0,0,0,0,0,0,0,0,0,0,0,0,0,0,0,0,0,0,0,0,0,0,0,0,0,0,0,0,0,0,0,0,0,0,0,0,0,0,0,0,0,0,0,0,0,0,0,0,0,0,0,0,0,0,0,0,0,0,0,0,0,0,0,0,0,0,0,0,0,0,0,0,0,0,0,0,0,0,0,0,0,0,0,0,0,0,0,0,0,0,0,0,0,0,0,0,0,0,0,0,0,0,0,0,0,0,0,0,0,0,0,0,0,0,0,0,0,0,0,0,0,0,0,0,0,0,0,0,0,0,0,0,0,0,0,0,0,0,0,0,0,0,0,0,0,0,0,0,0,0,0,0,0,0,0,0,0,0,0,0,0,0,0,0,0,0,0,0,0,0,0,0,0,7,0,0,0,0,0,0,0,0,0,0,0,0,0,0,0,0,0,0,0,0,0,0,0,0,0,0,0,0,0,0,0,0,0,0,0,0,0,0,0,0,0,0,0,0,0,0,0,0,0,0,0,0,0,0,0,0,0,0,0,0,0,0,0,0,0,0,0,0,0,0,0,0,0,0,0,0,0,0,0,0,0,0,0,0,0,0,0,0,0,0,0,0,0,0,0,0,0,0,0,0,0,0,0,0,0,0,0,0,0,0,0,0,0,0,0,0,0,0,0,0,0,0,0,0,0,0,0,0,0,0,0,0,0,0,0,0,0,0,0,0,0,0,0,0,0,0,0,0,0,0,0,0,0,0,0,0,0,0,0,0,0,0,0,0,0,0,0,0,0,0,0,0,0,0,0,0,0,0,0,0,0,0,0,0,0,0,0,0,0,0,0,0,0,0,0,0,0,0,0,0,0,0,0,0,0,0,0,0,0,0,0,0,0,0,0,0,0,0,0,0,0,0,0,0,0,0,0,0,0,0,0,0,0,0,0,0,0,0,0,0,0,0,0,0
Sidewinder_VirusShare_f544a74de8264cd5b7bc184c81b78966,0,574,0,0,0,0,3,320,0,0,0,85,0,0,0,0,186,5,5,88,4,21,75,14,2,86,8,398,2,0,57,0,0,0,0,0,0,0,0,75,0,86,0,0,0,0,0,14,0,0,0,0,0,0,0,0,0,0,0,0,0,278,0,0,0,0,0,0,0,0,0,0,0,0,14,4,1,1,0,0,0,0,0,0,0,0,0,0,0,0,0,0,0,0,0,0,0,0,1,0,0,0,0,0,0,0,0,0,0,0,0,0,0,0,0,0,0,0,0,0,0,0,0,0,0,0,0,0,65,0,0,0,0,0,0,0,0,0,0,0,0,0,0,0,0,0,0,0,0,0,0,0,0,0,0,0,0,0,0,0,0,0,0,0,0,0,0,0,0,0,0,0,0,0,0,0,0,0,0,0,0,0,0,0,0,0,0,0,0,0,264,661,22,13,7,0,3,0,0,0,0,0,0,24,16,1,0,1157,0,0,0,0,0,0,67,0,0,0,0,0,0,0,0,0,0,0,0,0,0,0,1,3,0,0,0,2,4,3,0,0,0,0,0,43,0,0,0,0,0,0,0,0,0,0,0,0,0,0,0,0,0,0,0,0,0,0,0,0,0,0,0,0,0,0,0,0,0,0,0,0,0,0,0,0,0,0,0,0,0,0,0,0,0,0,0,78,0,0,0,0,0,0,4,0,0,0,0,0,0,0,0,0,0,0,0,0,0,0,0,0,0,0,0,0,0,0,0,0,0,0,0,0,0,0,0,189,255,21,16,1,60,0,9,0,0,2,0,25,13,0,15,5,7,0,0,0,1,0,0,15,0,0,0,0,0,0,0,0,0,0,0,0,0,0,0,0,0,0,0,0,0,0,0,0,0,0,0,0,0,0,0,0,0,0,0,0,0,0,0,0,0,0,0,0,0,0,0,0,0,0,0,0,0,0,0,0,0,0,0,0,0,0,0
TEMP.Veles_VirusShare_6c39c3f4a08d3d78f2eb973a94bd7718,0,192,0,0,0,0,0,0,0,0,0,13,0,0,0,0,0,0,0,0,0,0,0,0,0,0,0,0,0,0,0,0,0,0,0,0,0,0,272,0,0,0,0,0,0,0,0,0,0,0,0,0,0,0,0,0,0,0,0,0,0,85,0,0,0,0,0,0,0,0,0,0,0,0,0,0,0,0,0,0,0,0,0,0,0,0,0,0,0,0,0,0,0,7,0,0,0,0,0,0,0,0,0,0,0,0,0,0,0,0,0,0,0,0,0,0,0,0,0,0,0,0,0,0,0,0,0,0,0,0,0,0,0,0,0,0,0,0,0,0,0,0,0,0,0,0,0,0,0,0,0,0,0,0,0,0,0,0,0,0,0,0,33,0,0,0,0,0,0,0,4,11,6,0,0,0,4,3,46,3,0,0,2,96,0,0,0,98,0,0,0,0,0,0,0,0,0,66,1,0,0,0,0,0,0,0,0,535,0,0,0,0,0,0,0,0,0,0,0,0,0,4,0,4,0,0,0,0,0,10,0,0,0,0,0,0,2,2,3,4,0,0,0,0,0,0,0,0,0,0,0,0,0,0,0,0,0,0,0,0,0,0,0,0,0,0,0,0,238,0,0,0,0,0,0,0,0,0,0,0,0,0,0,0,0,0,0,0,555,0,0,0,0,0,0,101,0,0,0,0,0,1,0,0,0,0,0,0,0,0,0,0,0,0,0,1,0,0,2,0,1,0,10,0,0,0,0,0,0,0,0,0,0,0,0,0,0,0,0,0,31,0,0,0,0,0,0,0,0,141,0,0,0,0,0,0,0,0,0,0,0,0,0,0,0,0,0,0,0,0,0,0,0,0,0,0,0,0,0,0,0,0,0,0,0,0,0,0,0,0,0,0,0,0,0,0,0,0,0,0,0,0,0,0,0,0,0,0,0,0,0,0,0,0,0,0,0,0,0,0,65,0,0
